Qualifying Name,Geo_QNAME,"Fresno, California","Los Angeles-Long Beach-Anaheim, California","San Diego-Chula Vista-Carlsbad, California","New Haven-Milford, Connecticut","Tampa-St Petersburg-Clearwater, Florida","Chicago-Naperville-Elgin, Illinois","Boston-Cambridge-Newton, Massachusetts","New York-Newark-Jersey City, New York","Pittsburgh, Pennsylvania","El Paso, Texas","Ventura, California","Hackensack City, New Jersey"
Name of Area,Geo_NAME,Fresno,Los Angeles-Long Beach-Anaheim,San Diego-Chula Vista-Carlsbad,New Haven-Milford,Tampa-St Petersburg-Clearwater,Chicago-Naperville-Elgin,Boston-Cambridge-Newton,New York-Newark-Jersey City,Pittsburgh,El Paso,Ventura,Hackensack city
FIPS,Geo_FIPS,623420,631080,641740,935300,1245300,1716980,2514460,3635620,4238300,4821340,6111,3428680
Nation,Geo_NATION,0,0,0,0,0,0,0,0,0,0,0,0
State,Geo_STATE,6,6,6,9,12,17,25,36,42,48,6,34
County,Geo_COUNTY,0,0,0,0,0,0,0,0,0,0,111,0
Census Tract,Geo_CT,0,0,0,0,0,0,0,0,0,0,0,0
Block Group,Geo_BG,0,0,0,0,0,0,0,0,0,0,0,0
City,Geo_CITY,0,0,0,0,0,0,0,0,0,0,0,28680
Metropolitan Statistical Area/Micropolitan Statistical Area,Geo_MSAMSA,23420,31080,41740,35300,45300,16980,14460,35620,38300,21340,0,0
ZIP Code,Geo_ZC,0,0,0,0,0,0,0,0,0,0,0,0
Population Density,ORG_DENSITY,0.028554432,0.010673415,0.019242863,0.00728327,0.027407987,0.007004187,0.021083476,0.010747078,-0.003185438,0.01651255,0.005874674,0.009518972
Population,ORG_TOT_POP,0.02861795,0.010687947,0.019222685,0.007318046,0.027369503,0.007011994,0.021090957,0.010752618,-0.003086081,0.016495119,0.005904531,0.009519094
Households,ORG_TOT_HH,0.025477218,0.012038445,0.019026294,0.010408248,0.025687298,0.012990843,0.025977571,0.014151685,0.00602011,0.028557274,0.007237479,0.009106311
"Household, Average Size",ORG_AVGHHSIZE,0.003174603,0,0,0,0,-0.003787879,-0.004048583,-0.003773585,-0.008888889,-0.013333333,0,0
Total Population,ORG_TOT_POP0,0.02861795,0.010687947,0.019222685,0.007318046,0.027369503,0.007011994,0.021090957,0.010752618,-0.003086081,0.016495119,0.005904531,0.009519094
Family Population,ORG_POPFAM,0.028719877,0.00945896,0.02085686,0.002192883,0.026537404,0.003389846,0.021138205,0.009515041,-0.009356001,0.012972171,0.004435448,0.012170814
Non-Family Population,ORG_POPNFAM,0.031616053,0.018572595,0.013269935,0.029206185,0.031852492,0.02512677,0.022473623,0.017697804,0.018515057,0.047588993,0.016370449,0.002378828
Families,ORG_FAMILIES,0.025115153,0.011024549,0.023057508,-0.004335382,0.023280103,0.007207568,0.027593309,0.011825274,-0.002975385,0.018693155,0.002467196,0.015889729
"Families, Married",ORG_FAMMAR,0.009915277,0.011250847,0.022065348,-0.009144284,0.017943049,0.007250106,0.025770391,0.012928724,-0.002170233,0.016914856,0.002807353,0.013495072
Other Families,ORG_FAMOTH,0.050932518,0.010505137,0.025810934,0.00630489,0.035736394,0.007097111,0.032811634,0.009306693,-0.005433081,0.022111146,0.001361441,0.019989616
"Other Families, Male Householder, No Wife Present",ORG_FAMOTM,0.07592497,0.013839968,0.037664617,0.033745913,0.044664579,0.015427042,0.055322764,0.022889565,0.017921064,0.054092405,0.005193119,0.038939519
"Other Families, Female Householder, No Husband Present",ORG_FAMOTF,0.038109029,0.008985275,0.020220077,-0.003948603,0.032271923,0.003951743,0.024092207,0.004474992,-0.015196424,0.011234654,-0.000506265,0.011342155
% Family Population,PCT_ORG_POPFAM,0.000114561,-0.001194458,0.001611504,-0.005018013,-0.000768541,-0.003554357,0,-0.00122414,-0.006343333,-0.003421923,-0.001384882,0.002684203
% Non-Family Population,PCT_ORG_POPNFAM,0.002737226,0.008196721,-0.005586592,0.02217529,0.004442251,0.017942584,0.001560874,0.006752609,0.021688971,0.030067895,0.010806318,-0.007048458
"% Families, Married",PCT_ORG_FAMMAR,-0.014775977,0.00028715,-0.000952251,-0.004791636,-0.005284959,0,-0.001754149,0.001006615,0.000796601,-0.001824263,0.000392311,-0.002376049
% Other Families,PCT_ORG_FAMOTH,0.025094441,-0.000658979,0.002642507,0.010600707,0.012337446,0,0.005021244,-0.002298096,-0.002431118,0.003506721,-0.001274968,0.004068348
"% Other Families, Male Householder, No Wife Present",PCT_ORG_FAMOTM,0.049323787,0.003157895,0.014134276,0.037780401,0.020262217,0.007874016,0.026279391,0.01126408,0.022008253,0.03452244,0.002594034,0.023376623
"% Other Families, Female Householder, No Husband Present",PCT_ORG_FAMOTF,0.012658228,-0.002398082,-0.002777778,0.000441306,0.008792226,-0.002973241,-0.003215434,-0.007120605,-0.012068966,-0.007439311,-0.003160556,-0.004739336
"Families, Married with Children Under 18",ORG_FAMMAR18,-0.013499438,-0.018077513,0.005828802,-0.039873406,0.0089434,-0.015516747,0.005931577,-0.003180953,-0.01270561,-0.013405223,-0.028374008,-0.000352858
"Families, Married with No Children Under 18",ORG_FAMMARNOC,0.032843737,0.036698438,0.035939889,0.009589278,0.02313018,0.025553279,0.040192279,0.026164227,0.003707693,0.047965778,0.027820693,0.023929806
"Other Families, Male Householder, No Wife Present with Children Under 18",ORG_FAMOTM18,0.074960647,-0.001633796,0.036341706,0.015774438,0.04889331,0.003433636,0.045059308,0.013269613,0.01440841,0.052047865,-0.015063456,0
"Other Families, Male Householder, No Wife Present with No Children Under 18",ORG_FAMOTMNOC,0.077595937,0.030047023,0.039365037,0.04968602,0.03868472,0.027293804,0.063954349,0.030592029,0.021323997,0.056955989,0.029681675,0.067335244
"Other Families, Female Householder, No Husband Present with Children Under 18",ORG_FAMOTF18,0.02111944,-0.024251217,-0.003902938,-0.030775134,0.005933592,-0.016643795,-0.007180162,-0.020260992,-0.021655331,-0.025642712,-0.032606061,-0.013605442
"Other Families, Female Householder, No Husband Present with No Children Under 18",ORG_FAMOTFNOC,0.069047975,0.043682651,0.05065123,0.031396936,0.066605899,0.031065805,0.058938561,0.03117053,-0.006857193,0.063686524,0.034560381,0.036308623
Total Number of Households,ORG_HOUSEHOLDS1,0.025477218,0.012038445,0.019026294,0.010408248,0.025687298,0.012990843,0.025977571,0.014151685,0.00602011,0.028557274,0.007237479,0.009106311
Non-Family Households,ORG_NONFAMHH,0.026507923,0.014216131,0.010608651,0.032829156,0.029520877,0.02358489,0.023210672,0.018501263,0.019135193,0.055716167,0.019605553,0.000710816
"Non-Family Households, Male Householder with People Under 18",ORG_NONFAMHHMC,0,-0.017556518,0.001945525,0,0.046140453,0.230269392,0.093727469,0.183580388,0.096270161,-0.007425743,-0.001545595,0
"Non-Family Households, Male Householder with No People Under 18",ORG_NONFAMHHMN,0.032035601,0.014861155,0.011824557,0.042268024,0.027793657,0.022980988,0.025280997,0.020828928,0.028625834,0.054443757,0.017918717,0.009761905
"Non-Family Households, Female Householder with People Under 18",ORG_NONFAMHHFC,0.028645833,0,0.409591195,-0.004048583,0.027799228,0.197228637,0.153617443,0.0888699,0.122262774,0.497409326,0.349765258,0
"Non-Family Households, Female Householder with No People Under 18",ORG_NONFAMHHFN,0.021879578,0.014069472,0.006851764,0.025090464,0.030755857,0.021221842,0.02066395,0.01512578,0.009795328,0.055330382,0.017947986,-0.008321446
% Non-Family Households,PCT_ORG_NONFAMHH,0.000769231,0.002203336,-0.008338481,0.02218301,0.003889033,0.010478618,-0.002712232,0.004304161,0.013028515,0.026651652,0.012576356,-0.008279257
"% Non-Family Households, Male Householder with People Under 18",PCT_ORG_NONFAMHHMC,-0.04,-0.052631579,-0.045454545,0,0,0.238095238,0,0.133333333,0.1,-0.066666667,0,0
"% Non-Family Households, Male Householder with No People Under 18",PCT_ORG_NONFAMHHMN,0.006504065,0.002643754,-0.006892231,0.031232877,0.001731102,0.009809933,-0.000605694,0.006489293,0.022163588,0.024864025,0.010612245,0.00044964
"% Non-Family Households, Female Householder with People Under 18",PCT_ORG_NONFAMHHFC,0,0,0.363636364,0,0,0.166666667,0.2,0,0.2,0.428571429,0.4,0
"% Non-Family Households, Female Householder with No People Under 18",PCT_ORG_NONFAMHHFN,-0.003750938,0.001833741,-0.011801242,0.014636449,0.004786979,0.008542445,-0.005456349,0.001040583,0.003722662,0.025811209,0.010533246,-0.017512348
Total Population,ORG_TOT_POP1,0.02861795,0.010687947,0.019222685,0.007318046,0.027369503,0.007011994,0.021090957,0.010752618,-0.003086081,0.016495119,0.005904531,0.009519094
"Population, Urban",ORG_URBANPOP,0.028745464,0.010692005,0.019234848,0.007292189,0.027060839,0.006899973,0.021392446,0.010891308,-0.002100443,0.016117809,0.005911472,0.009519094
"Population, Rural",ORG_RURALPOP,0.027562119,0.00987114,0.018867072,0.007999488,0.033849527,0.011197877,0.01586359,0.003580652,-0.007673232,0.029788693,0.005688498,#DIV/0!
"% Population, Urban",PCT_ORG_URBANPOP,0.000224165,0,0,0,-0.000314301,-0.00010268,0.000211528,0.000203874,0.000971935,-0.000411353,0,0
"% Population, Rural",PCT_ORG_RURALPOP,-0.001855288,0,0,0,0.006593407,0.003831418,-0.003669725,-0.010526316,-0.004522329,0.014492754,0,#DIV/0!
Total Population,ORG_TOT_POP2,0.02861795,0.010687947,0.019222685,0.007318046,0.027369503,0.007011994,0.021090957,0.010752618,-0.003086081,0.016495119,0.005904531,0.009519094
"Population, Male",ORG_MALEPOP,0.031794478,0.013932146,0.022259208,0.011545611,0.032647706,0.010641491,0.025389475,0.014825049,0.001039769,0.019281933,0.009251294,0.014253837
"Population, Female",ORG_FEMALEPOP,0.025418974,0.007519443,0.016149747,0.003364054,0.022353762,0.003521434,0.017025278,0.006949514,-0.006974905,0.01385085,0.002582612,0.004893674
"% Population, Male",PCT_ORG_MALEPOP,0.002989239,0.003238211,0.002982107,0.004138216,0.00513031,0.003671971,0.00411438,0.003934562,0.004122012,0.002669953,0.003412969,0.004653986
"% Population, Female",PCT_ORG_FEMALEPOP,-0.003010839,-0.00316268,-0.003018109,-0.003870718,-0.004876146,-0.003530796,-0.003891808,-0.003674338,-0.003885004,-0.002533619,-0.003387129,-0.004547252
Total Population,ORG_TOT_POP3,0.02861795,0.010687947,0.019222685,0.007318046,0.027369503,0.007011994,0.021090957,0.010752618,-0.003086081,0.016495119,0.005904531,0.009519094
"White Population, Alone",ORG_WHPOPA,-0.00018384,-0.016319993,0.001907172,-0.008311953,0.011738062,-0.008340183,0.004496985,-0.012515747,-0.012121658,0.006530836,0.008704417,-0.034949862
"Black Population, Alone",ORG_BLPOPA,0.002444273,0.006722622,0.037727343,0.038250294,0.0531234,0.008935599,0.064682349,0.014105365,0.019539616,0.098435043,0.012112223,0.029897076
"Asian Population, Alone",ORG_ASPOPA,0.040174555,0.039488172,0.057128264,0.068246283,0.079353643,0.062304902,0.07308009,0.050585193,0.082606999,0.105602414,0.028851553,0.046098655
"American Indian and Alaska Native Population, Alone",ORG_AMPOPA,0.077815415,0.060363235,0.104455528,0.139446279,0.101970983,0.115038455,0.104393267,0.07038227,0.178188171,0.107894189,0.023832844,0.112716763
"Other Race Population, Alone",ORG_ORPOPA,0.073763744,0.018994419,0.016113664,0.008437691,0.07946293,0.015974923,0.035864566,0.037407364,0.06082207,0.02421637,-0.04029623,0.01859375
Two or More Races Population,ORG_TMPOP,0.025720006,0.096497348,0.070955526,0.080599166,0.116171951,0.099717664,0.10013201,0.089625885,0.101098644,0.040614523,0.047091116,0.084367246
"% White Population, Alone",PCT_ORG_WHPOPA,-0.027828934,-0.026658136,-0.017009094,-0.015573653,-0.01527027,-0.015321923,-0.016284435,-0.022990654,-0.009073769,-0.009770334,0.002855919,-0.044033351
"% Black Population, Alone",PCT_ORG_BLPOPA,-0.025104603,-0.004279601,0.017730496,0.030851777,0.024645258,0.001699717,0.042744657,0.003303965,0.022653722,0.080610022,0.005235602,0.020326679
"% Asian Population, Alone",PCT_ORG_ASPOPA,0.011505273,0.02816092,0.037226277,0.060669456,0.049350649,0.055033557,0.050059595,0.039056143,0.086792453,0.086705202,0.023136247,0.035856574
"% American Indian and Alaska Native Population, Alone",PCT_ORG_AMPOPA,0.046511628,0.043478261,0.088,0.130434783,0.065217391,0.103448276,0.058823529,0.048387097,0.176470588,0.087719298,0.018518519,0.102564103
"% Other Race Population, Alone",PCT_ORG_ORPOPA,0.043790626,0.008049242,-0.002971768,0,0.050343249,0.008705114,0.016260163,0.027077498,0.063829787,0.008219178,-0.046018992,0.009027778
% Two or More Races Population,PCT_ORG_TMPOP,-0.004405286,0.083958021,0.050228311,0.072386059,0.086294416,0.092592593,0.076923077,0.078389831,0.104651163,0.021505376,0.041818182,0.074015748
Total Population,ORG_TOT_POP4,0.02861795,0.010687947,0.019222685,0.007318046,0.027369503,0.007011994,0.021090957,0.010752618,-0.003086081,0.016495119,0.005904531,0.009519094
Hispanic Population,ORG_HISPPOP,0.041205279,0.014528189,0.031761622,0.046048181,0.056609798,0.021434811,0.049494444,0.028546244,0.048227257,0.017745256,0.017750467,0.037310943
White Non-Hispanic Population,ORG_WHNHISPOP,-0.01702263,-0.043078699,-0.024461547,-0.033684347,-0.010179032,-0.033860495,-0.010575787,-0.034264251,-0.017289036,-0.039503963,-0.016147466,-0.100648541
% Hispanic Population,PCT_ORG_HISPPOP,0.012170006,0.003759398,0.012352941,0.037995595,0.028741866,0.01443392,0.02734375,0.017734784,0.05,0.001209482,0.011693171,0.027427724
% White Non-Hispanic Population,PCT_ORG_WHNHISPOP,-0.044211315,-0.053140097,-0.04272899,-0.040686275,-0.03648931,-0.040543239,-0.030985511,-0.044630404,-0.014348393,-0.055135135,-0.021768707,-0.109201774
Total Number of Households,ORG_HOUSEHOLDS2,0.025477218,0.012038445,0.019026294,0.010408248,0.025687298,0.012990843,0.025977571,0.014151685,0.00602011,0.028557274,0.007237479,0.009106311
White Households,ORG_WHHH,0.002283505,-0.010950261,0.005181282,-0.002069446,0.013379374,0.000178501,0.012466799,-0.005194396,-0.000525203,0.01811811,0.008386871,-0.029125059
Black Households,ORG_BLHH,0.004456273,0.012033757,0.03874851,0.043424613,0.056035239,0.017468568,0.07096916,0.01937181,0.027926528,0.112913739,0.009079354,0.031784841
Asian Households,ORG_ASHH,0.040254948,0.044606509,0.06064558,0.069895389,0.082309916,0.073903685,0.082399468,0.058653008,0.089859027,0.115466718,0.030678787,0.049274087
American Indian and Alaska Native Households,ORG_AMHH,0.078446663,0.054622307,0.105769231,0.176984705,0.113450496,0.13250727,0.114264652,0.080345521,0.225825826,0.11993865,0.024980484,0.110091743
Other Race Households,ORG_ORHH,0.074797933,0.022161243,0.017339074,0.012518968,0.081063793,0.023950826,0.042731646,0.042454501,0.073507463,0.036193218,-0.041114869,0.021195652
Two or More Races Households,ORG_TMHH,0.024044332,0.101649941,0.07362581,0.085323351,0.118932039,0.110234672,0.105817756,0.094141526,0.105765031,0.051233944,0.048227659,0.090715048
% White Households,PCT_ORG_WHHH,-0.022602861,-0.022748637,-0.013515521,-0.012409928,-0.012020752,-0.012642986,-0.01317304,-0.01903467,-0.00643013,-0.010232441,0.001034929,-0.037943422
% Black Households,PCT_ORG_BLHH,-0.01934236,0,0.019130435,0.032656023,0.029215359,0.004542873,0.044444444,0.005025126,0.022446689,0.082164329,0,0.022380107
% Asian Households,PCT_ORG_ASHH,0.013969732,0.031700288,0.040799334,0.05974026,0.052631579,0.059347181,0.054208274,0.04363974,0.082191781,0.086021505,0.023255814,0.039900249
% American Indian and Alaska Native Households,PCT_ORG_AMHH,0.053658537,0.048192771,0.086206897,0.170731707,0.093023256,0.111111111,0.107142857,0.085106383,0.176470588,0.084745763,0.010752688,0.086206897
% Other Race Households,PCT_ORG_ORHH,0.048013245,0.00990099,-0.002114165,0.002118644,0.052459016,0.011111111,0.018324607,0.027912621,0.037037037,0.00776699,-0.047404063,0.012320329
% Two or More Races Households,PCT_ORG_TMHH,-0.002932551,0.089866157,0.053613054,0.073593074,0.093117409,0.097560976,0.076923077,0.079787234,0.094890511,0.019920319,0.038674033,0.080645161
Total Number of Households,ORG_HOUSEHOLDS3,0.025477218,0.012038445,0.019026294,0.010408248,0.025687298,0.012990843,0.025977571,0.014151685,0.00602011,0.028557274,0.007237479,0.009106311
Hispanic Households,ORG_HISPHH,0.046207726,0.019194074,0.029009476,0.044832997,0.050881733,0.032589741,0.06923566,0.027491332,0.111329468,0.023160054,0.018087441,0.044773323
White Non-Hispanic Households,ORG_WHNHISHH,-0.006445772,-0.024399529,-0.003754472,-0.010848623,0.007601109,-0.007450005,0.007303728,-0.012294471,-0.002060665,-0.000873929,-0.004466249,-0.070100409
% Hispanic Households,PCT_ORG_HISPHH,0.020298647,0.007205044,0.009559435,0.034586466,0.024637681,0.01924353,0.041778976,0.013381369,0.108910891,-0.005277741,0.01092523,0.035385704
% White Non-Hispanic Households,PCT_ORG_WHNHISHH,-0.031144563,-0.035975267,-0.022378398,-0.021040154,-0.017520996,-0.020193303,-0.018201285,-0.026018556,-0.008095293,-0.028314917,-0.011663808,-0.078328065
"Population, Median Age",ORG_MEDAGE,0.01863354,0.019337017,0.016759777,0.022277228,0.018779343,0.01897019,0.017766497,0.020565553,0.026845638,0.018072289,0.020997375,0.01312336
Total Population,ORG_TOT_POP5,0.02861795,0.010687947,0.019222685,0.007318046,0.027369503,0.007011994,0.021090957,0.010752618,-0.003086081,0.016495119,0.005904531,0.009519094
Population Aged 0 to 5 Years,ORG_POP_0_5,-0.0088517,-0.036920657,-0.03205147,-0.047992857,-0.022957657,-0.043917602,-0.0321473,-0.045424053,-0.06152306,-0.026851583,-0.045422342,-0.057350033
Population Aged 6 to 11 Years,ORG_POP_6_11,-0.001994212,-0.023405244,-0.013522151,-0.029235969,-0.004277939,-0.029385818,-0.013924312,-0.030380044,-0.045600456,-0.017023211,-0.03063556,-0.033012954
Population Aged 12 to17 Years,ORG_POP_12_17,-0.029232683,-0.046964394,-0.031658494,-0.047936608,-0.022673676,-0.049834432,-0.027844691,-0.052437716,-0.055341138,-0.030283888,-0.042055016,-0.070402964
Population Aged 18 to 24 Years,ORG_POP_18_24,-0.011674107,-0.027757733,-0.021643421,-0.032678651,-0.015021779,-0.033017094,-0.020741121,-0.034648409,-0.043545575,-0.023399211,-0.033189594,-0.03528374
Population Aged 25 to 34 Years,ORG_POP_25_34,0.081070868,0.053701877,0.060369395,0.050849084,0.074392315,0.052812767,0.063860843,0.05591302,0.031766835,0.066595324,0.043835114,0.056087998
Population Aged 35 to 44 Years,ORG_POP_35_44,-0.001672642,-0.022676436,-0.014510841,-0.031806556,-0.012472581,-0.029054348,-0.015147064,-0.026577479,-0.050110105,-0.016283332,-0.029903337,-0.025876589
Population Aged 45 to 54 Years,ORG_POP_45_54,-0.08014818,-0.092263524,-0.087519116,-0.113804601,-0.099420919,-0.107570445,-0.095961447,-0.099712775,-0.131908401,-0.097507209,-0.106220239,-0.103311258
Population Aged 55 to 64 Years,ORG_POP_55_64,0.060851508,0.041917265,0.048984426,0.044281179,0.04736643,0.048962368,0.052142461,0.046821943,0.024559076,0.057716118,0.040567506,0.046717395
Population Aged 65 to 74 Years,ORG_POP_65_74,0.229792344,0.1990888,0.216116105,0.203570072,0.202447124,0.203852711,0.216849425,0.199083956,0.184554212,0.222050512,0.207483851,0.187883247
Population Aged 75 to 84 Years,ORG_POP_75_84,0.086591489,0.071846231,0.077744346,0.045743329,0.045106542,0.056238534,0.067340482,0.057216793,0.032210056,0.069337487,0.063316743,0.040625
Population Aged 85 Years and Older,ORG_POP_85P,0.133715773,0.129722021,0.097251554,0.048155909,0.048570094,0.071993474,0.073822262,0.079086074,0.036240122,0.090608983,0.093634899,0.049751244
% Population Aged 0 to 5 Years,PCT_ORG_POP_0_5,-0.036880927,-0.047222222,-0.05027933,-0.055643879,-0.0496,-0.051075269,-0.051282051,-0.055059524,-0.058098592,-0.042458101,-0.05047749,-0.065885798
% Population Aged 6 to 11 Years,PCT_ORG_POP_6_11,-0.029315961,-0.033244681,-0.032122905,-0.036984353,-0.030165913,-0.03539823,-0.034074074,-0.040057225,-0.041935484,-0.033084312,-0.03566879,-0.042671614
% Population Aged 12 to17 Years,PCT_ORG_POP_12_17,-0.056830601,-0.056962025,-0.050408719,-0.053691275,-0.049562682,-0.056746532,-0.046875,-0.062937063,-0.052083333,-0.046073298,-0.046818727,-0.080246914
% Population Aged 18 to 24 Years,PCT_ORG_POP_18_24,-0.039162113,-0.038267875,-0.040613718,-0.039387309,-0.040251572,-0.040509259,-0.041407867,-0.045138889,-0.040572792,-0.039499037,-0.039473684,-0.044444444
% Population Aged 25 to 34 Years,PCT_ORG_POP_25_34,0.050673509,0.04251269,0.040615385,0.043251305,0.045801527,0.045717965,0.041809459,0.044357469,0.035361842,0.04940849,0.037777778,0.046466602
% Population Aged 35 to 44 Years,PCT_ORG_POP_35_44,-0.029209622,-0.0329188,-0.033018868,-0.03874092,-0.038619556,-0.035850496,-0.034883721,-0.037093111,-0.047279215,-0.0324412,-0.035913807,-0.03537415
% Population Aged 45 to 54 Years,PCT_ORG_POP_45_54,-0.106280193,-0.102006689,-0.10472103,-0.119936458,-0.123344371,-0.113692946,-0.114509804,-0.109677419,-0.128853755,-0.112888053,-0.111199365,-0.111858705
% Population Aged 55 to 64 Years,PCT_ORG_POP_55_64,0.032015066,0.031168831,0.028716216,0.036323202,0.019508671,0.041633307,0.030097818,0.035909446,0.027759418,0.040186916,0.034108527,0.036949686
% Population Aged 65 to 74 Years,PCT_ORG_POP_65_74,0.194771242,0.185964912,0.192216981,0.19488189,0.170711974,0.195749441,0.191752577,0.186544343,0.187919463,0.201934704,0.199786325,0.177753544
% Population Aged 75 to 84 Years,PCT_ORG_POP_75_84,0.054945055,0.058679707,0.05800464,0.038095238,0.016233766,0.04842615,0.043478261,0.046121593,0.035294118,0.051219512,0.056306306,0.030092593
% Population Aged 85 Years and Older,PCT_ORG_POP_85P,0.100591716,0.122340426,0.079207921,0.039426523,0.019230769,0.06557377,0.048888889,0.064814815,0.038095238,0.073529412,0.087804878,0.038674033
Total Population,ORG_TOT_POP6,0.02861795,0.010687947,0.019222685,0.007318046,0.027369503,0.007011994,0.021090957,0.010752618,-0.003086081,0.016495119,0.005904531,0.009519094
"Population, Males Never Married (Pop 16+)",ORG_MALNOMARRY,0.061091707,0.033014193,0.036112328,0.044366465,0.056579358,0.034626233,0.043818112,0.031698138,0.016555327,0.051429631,0.039476423,0.030043938
"Population, Males Married (Pop 16+)",ORG_MALMARRY,0.029319794,0.017506221,0.030189665,0.001382903,0.032443051,0.012538634,0.024494074,0.021956922,0.003640293,0.017323025,0.007167821,0.017478319
"% Population, Males Never Married (Pop 16+)",PCT_ORG_MALNOMARRY,0.031591738,0.021851639,0.016274864,0.03728202,0.028118241,0.028007638,0.02209596,0.020625,0.01971831,0.034188034,0.033311561,0.020580475
"% Population, Males Married (Pop 16+)",PCT_ORG_MALMARRY,0.001122965,0.00686378,0.010853478,-0.006047279,0.004940711,0.00564392,0.003486056,0.011022044,0.007045561,0.000536481,0.001458435,0.007705987
"Population, Males Married and Together (Pop 16+)",ORG_MALMARTOG,0.03113099,0.018332702,0.030715351,-0.00200941,0.030919256,0.012037507,0.021772825,0.021000212,0.001539124,0.009176725,0.00909439,0.014826498
"Population, Males Married and Separated (Pop 16+)",ORG_MALMARSEP,0.040757462,-0.002218388,0.013456731,0.030213904,0.032278963,0.024768806,0.069692585,0.020989578,0.026440604,0.064945462,-0.005834306,0.041009464
"Population, Males Married and Absent (Pop 16+)",ORG_MALMARABS,0.00250501,0.017611902,0.030106088,0.052908625,0.058571222,0.01430678,0.04221517,0.03304414,0.03824309,0.059286355,-0.016452007,0.028639618
"Population, Males Widowed (Pop 16+)",ORG_MALWIDOW,0.059533117,0.034960393,0.034049058,0.024284563,0.044385077,0.032760148,0.057885733,0.021260497,0.005845474,0.033440514,0.050238663,-0.0075
"Population, Males Divorced (Pop 16+)",ORG_MALDIVORCE,0.047473153,0.023518162,0.030065029,0.027378986,0.041866375,0.024397371,0.054951065,0.036234596,0.033579636,0.03996351,0.007137491,0.039165602
"Population, Females Never Married (Pop 16+)",ORG_FEMNOMARRY,0.061770473,0.030742697,0.031515503,0.033264112,0.044713312,0.028888821,0.033977435,0.027149866,0.008664524,0.038834488,0.039677768,0.026060008
"Population, Females Married (Pop 16+)",ORG_FEMMARRY,0.015676131,0.009251832,0.020371712,-0.006637607,0.016057098,0.004409037,0.019828059,0.010310761,-0.001335103,-0.002249251,-0.003168389,0.008256999
"Population, Females Married and Together (Pop 16+)",ORG_FEMMARTOG,0.015698491,0.008854021,0.016760285,-0.010506094,0.010631758,0.003486411,0.018658647,0.009135774,-0.002980405,-0.003115998,-0.00579712,0.006506904
"Population, Females Married and Separated (Pop 16+)",ORG_FEMMARSEP,0.018235861,-0.012072616,-0.013223515,-0.020790729,0.059660684,0.008710048,0.020052168,-0.005091198,0.004846042,-0.004536433,0.001039347,0.008086253
"Population, Females Married and Absent (Pop 16+)",ORG_FEMMARABS,0.012807962,0.028185748,0.073481124,0.070018171,0.048805126,0.01791844,0.041635456,0.036236767,0.043235505,0.009338964,0.030453642,0.024011299
"Population, Females Widowed (Pop 16+)",ORG_FEMWIDOW,0.008889041,0.003575917,0.009537669,-0.015910875,0.006213536,-0.001622278,-0.002614761,-0.006184789,-0.028691287,0.021031475,0.000497531,-0.01628468
"Population, Females Divorced (Pop 16+)",ORG_FEMDIVORCE,0.053033202,0.009503118,0.034374366,0.028293345,0.052827381,0.009665936,0.032718976,0.024171192,0.015134475,0.073919944,0.00944748,0.023775216
Total Population,ORG_TOT_POP8,0.02861795,0.010687947,0.019222685,0.007318046,0.027369503,0.007011994,0.021090957,0.010752618,-0.003086081,0.016495119,0.005904531,0.009519094
"Population, Citizenship - Native",ORG_CITNATIV,0.030810987,0.013364953,0.018624622,0.005115527,0.025319514,0.005880878,0.015664993,0.006504848,-0.005179851,0.020693074,0.006901298,0.002592254
"Population, Citizenship - Foreign Born - Naturalized",ORG_CITFORNAT,0.061614559,0.034549793,0.047644184,0.042543311,0.052644649,0.039441043,0.053715585,0.039725946,0.047096221,0.021715954,0.028164499,0.051219252
"Population, Citizenship - Foreign Born - Not a Citizen",ORG_CITFORNOT,-0.008366547,-0.030098473,-0.009756711,0.000909576,0.027971466,-0.018268071,0.03609031,-0.00442636,0.046164556,-0.012059228,-0.022850605,-0.014295439
"% Population, Citizenship - Native",PCT_ORG_CITNATIV,0.002151626,0.002538071,-0.000520901,-0.002170684,-0.002071346,-0.001096892,-0.005396786,-0.00413282,-0.002084202,0.004111406,0.000900785,-0.006776215
"% Population, Citizenship - Foreign Born - Naturalized",PCT_ORG_CITFORNAT,0.031322506,0.023809524,0.027955272,0.035114504,0.024637681,0.032734952,0.030916844,0.028218695,0.048543689,0.005249344,0.021719457,0.041646947
"% Population, Citizenship - Foreign Born - Not a Citizen",PCT_ORG_CITFORNOT,-0.035569927,-0.040106952,-0.028063611,-0.006756757,0.001612903,-0.024764151,0.014285714,-0.014820593,0.050505051,-0.028094153,-0.029333333,-0.023197176
Total Population,ORG_TOT_POP9,0.02861795,0.010687947,0.019222685,0.007318046,0.027369503,0.007011994,0.021090957,0.010752618,-0.003086081,0.016495119,0.005904531,0.009519094
"Population, Total Group Quarters",ORG_GQTOTAL,0.004738525,0.002981103,0.008066537,0.002421138,0.011876529,0.002682541,0.012332265,0.004833902,-0.00067881,0.010718051,0.006931941,-0.003236246
"Population, Institutional Group Quarters",ORG_GQINST,0.002490247,0.000616019,0.009241493,0.00406746,0.011736571,0.000359703,0.015188901,0.000802662,-0.001669644,0.013121317,0.006916996,-0.002139037
"Population, Non-Institutional Group Quarters",ORG_GQNINST,0.009690986,0.004501862,0.007701479,0.001520169,0.01202078,0.004737158,0.011145105,0.007695004,2.76863E-05,0.008043559,0.00694051,-0.006644518
"% Population, Total Group Quarters",PCT_ORG_GQTOTAL,-0.022857143,-0.006134969,-0.00931677,-0.003003003,-0.017964072,-0.00591716,-0.008695652,-0.004926108,0,-0.004950495,0,-0.010791367
"% Population, Institutional Group Quarters",PCT_ORG_GQINST,-0.025,-0.015625,0,0,-0.023529412,0,0,-0.011904762,0,0,0,-0.00952381
"% Population, Non-Institutional Group Quarters",PCT_ORG_GQNINST,-0.018181818,0,-0.012195122,-0.004651163,-0.012195122,0,-0.012295082,-0.008403361,0,-0.010416667,0,-0.014705882
Total Population,ORG_TOT_POP10,0.02861795,0.010687947,0.019222685,0.007318046,0.027369503,0.007011994,0.021090957,0.010752618,-0.003086081,0.016495119,0.005904531,0.009519094
"Employment, Car, Truck, Van to Work (Empl 16+)",ORG_TRANCAR,0.033848927,0.016360614,0.028644251,-0.005561405,0.028390022,0.006830629,0.025414758,0.009324191,0.000366372,0.032499786,0.004388238,0.006894774
"Employment, Car, Truck, Van to Work Alone (Empl 16+)",ORG_TRANCAR1,0.034879111,0.020425669,0.033276888,-0.005984523,0.030035827,0.008535947,0.025625313,0.009632857,0.002229644,0.033975356,0.008136991,0.007713885
"Employment, Car, Truck, Van to Work Carpool (Empl 16+)",ORG_TRANCARP,0.027252303,-0.017063003,-0.016123414,-0.001625406,0.012988698,-0.008331646,0.023546633,0.00703798,-0.01661672,0.021570582,-0.021341392,-0.002382844
"Employment, Public Transportation to Work (Empl 16+)",ORG_TRANPUBLIC,0.024790162,-0.022019991,0.008858683,0.057015441,0.033906374,0.01784246,0.049601935,0.029629145,0.017034963,0.037940379,0.040288016,0.031011045
"Employment, Bus or Trolley Bus to Work (Empl 16+)",ORG_TRANBUS,0.023251112,-0.032158192,0.009559067,0.062386393,0.034444992,0.001724733,0.052280972,0.008121736,0.011609959,0.038473236,0.033309709,0.030025803
"Employment, Streetcar or Trolley Car to Work (Empl 16+)",ORG_TRANTROL,0.088235294,0.006921676,-0.004185852,0.066037736,0.022988506,-0.00637866,-0.003543933,0.029890033,0.06852379,#DIV/0!,0.012820513,#DIV/0!
"Employment, Subway or Elevated to Work (Empl 16+)",ORG_TRANSUBL,0,0.034369092,0.019704433,0.056399132,0.034267913,0.035920566,0.047099017,0.037936692,0.046428571,0,0.012903226,0.0875
"Employment, Railroad to Work (Empl 16+)",ORG_TRANRR,0.12244898,0.056854599,0.005001471,0.04040404,-0.034482759,0.01964058,0.058995794,0.029284489,0.030456853,-0.033333333,0.0666162,0.030136986
"Employment, Ferry to Work (Empl 16+)",ORG_TRANFERRY,0,0.020979021,0.060714286,-0.03125,-0.010989011,-0.009677419,0.048366568,0.037239351,0.025380711,#DIV/0!,0.065217391,#DIV/0!
"Employment, Taxi to Work (Empl 16+)",ORG_TRANTAXI,0,0.025177305,0.086510264,0.073529412,0.047357584,0.018906076,0.063628547,0.018970289,0.049450549,0.089285714,0.048128342,0.052631579
"Employment, Motorcycle to Work (Empl 16+)",ORG_TRANMCYCL,0.017813765,0.033502094,0.096064815,0.064748201,0.04799801,0.038426139,0.051689861,0.052531536,0.008510638,0.061320755,0.008791209,#DIV/0!
"Employment, Bicycle to Work (Empl 16+)",ORG_TRANBCYCL,0.080608611,0.058885666,0.040441176,0.042343884,0.050359712,0.063777818,0.065650925,0.068572066,0.051750381,0.068222621,-0.000415455,0.038834951
"Employment, Walked to Work (Empl 16+)",ORG_TRANWALK,-0.006174655,0.004248292,0.025833429,0.014592454,0.04908859,0.031567103,0.033334052,0.017303306,-0.001112072,0.014653955,0.060887513,0.037786056
"Employment, Other Transportation to Work (Empl 16+)",ORG_TRANOTHER,-0.023407872,0.037137188,0.0417,0.005914972,0.028161727,0.051404193,0.063365369,0.03598005,0.038624642,-0.00569314,-0.016810168,0.017045455
"Employment, Work at Home (Empl 16+)",ORG_TRAVHOME,0.05596556,0.035609141,0.059060219,0.040376423,0.05555212,0.037847792,0.053799906,0.051070692,0.046609016,0.059398202,0.043448135,0.052770449
"% Employment, Car, Truck, Van to Work (Empl 16+)",PCT_ORG_TRANCAR,0.004863222,0.005549683,0.009365245,-0.012710765,0.000803859,0,0.004134367,-0.001568013,0.003450826,0.015873016,-0.001514387,-0.00257732
"% Employment, Car, Truck, Van to Work Alone (Empl 16+)",PCT_ORG_TRANCAR1,0.006326889,0.009783575,0.013777268,-0.013214594,0.002669831,0.001560062,0.004312823,-0.00133452,0.005196937,0.017383059,0.002313476,-0.001869741
"% Employment, Car, Truck, Van to Work Carpool (Empl 16+)",PCT_ORG_TRANCARP,0,-0.026829268,-0.033333333,-0.00802139,-0.013888889,-0.013888889,0.00255102,-0.00330033,-0.012468828,0.004683841,-0.027777778,-0.010600707
"% Employment, Public Transportation to Work (Empl 16+)",PCT_ORG_TRANPUBLIC,0,-0.03125,-0.015625,0.049180328,0,0.011131725,0.028400598,0.018530774,0.020761246,0.012658228,0.028985507,0.021718602
"% Employment, Bus or Trolley Bus to Work (Empl 16+)",PCT_ORG_TRANBUS,0,-0.041450777,-0.009259259,0.055555556,0,-0.009569378,0.031674208,-0.00273224,0.015564202,0.012820513,0.02,0.020855057
"% Employment, Streetcar or Trolley Car to Work (Empl 16+)",PCT_ORG_TRANTROL,0,0,0,0,0,0,-0.058823529,0,0.095238095,#DIV/0!,0,#DIV/0!
"% Employment, Subway or Elevated to Work (Empl 16+)",PCT_ORG_TRANSUBL,#DIV/0!,0,0,0.2,0,0.028409091,0.025723473,0.027513228,0,#DIV/0!,0,0.055555556
"% Employment, Railroad to Work (Empl 16+)",PCT_ORG_TRANRR,#DIV/0!,0,0,0.035087719,#DIV/0!,0.013333333,0.043478261,0.016574586,0,#DIV/0!,0.0625,0.024390244
"% Employment, Ferry to Work (Empl 16+)",PCT_ORG_TRANFERRY,#DIV/0!,#DIV/0!,0,#DIV/0!,#DIV/0!,#DIV/0!,0,0,0,#DIV/0!,0,#DIV/0!
"% Employment, Taxi to Work (Empl 16+)",PCT_ORG_TRANTAXI,#DIV/0!,0,0,0.5,0,0.1,0,0.035714286,0,0,0,0
"% Employment, Motorcycle to Work (Empl 16+)",PCT_ORG_TRANMCYCL,0,0,0.076923077,0,0,0,0,0,0,0,0,#DIV/0!
"% Employment, Bicycle to Work (Empl 16+)",PCT_ORG_TRANBCYCL,0.032258065,0.044444444,0,0.037037037,0.029411765,0.057142857,0.058823529,0.071428571,0.071428571,0,0,0.043478261
"% Employment, Walked to Work (Empl 16+)",PCT_ORG_TRANWALK,-0.029411765,-0.00877193,0.009615385,0.011904762,0.013157895,0.026143791,0.014035088,0.006896552,0.005747126,0,0.061403509,0.028368794
"% Employment, Other Transportation to Work (Empl 16+)",PCT_ORG_TRANOTHER,-0.052631579,0.023255814,0.033333333,0,0,0.05,0.026315789,0.02173913,0.026315789,-0.024096386,-0.034482759,0.012658228
"% Employment, Work at Home (Empl 16+)",PCT_ORG_TRAVHOME,0.030864198,0.024691358,0.038732394,0.032608696,0.027777778,0.027522936,0.031007752,0.037383178,0.048543689,0.041322314,0.034482759,0.047058824
"Employment, Travel Time 30-59 Min (Empl 16+)",ORG_TRAV30_59,0.041144537,0.031676234,0.050882899,0.010968245,0.043825895,0.016011548,0.043799623,0.027094916,0.016761236,0.023316302,0.008950498,0.01066834
"Employment, Travel Time 60-89 Min (Empl 16+)",ORG_TRAV60_89,0.046735007,0.041372574,0.047323732,0.040204598,0.051532033,0.028314753,0.059901213,0.03326578,0.049043642,0.081717452,-0.00076367,0.049328981
"Employment, Travel Time 90+ Min (Empl 16+)",ORG_TRAV90P,0.07865424,0.043908276,0.044929659,0.043112798,0.062838255,0.017589997,0.059908732,0.042376661,0.031579795,0.059518872,0.027442755,0.047748977
"Householder, Median Age",ORG_MEDAGHHER,0.008,0.00967118,0.007952286,0.011070111,0.007352941,0.00965251,0.009505703,0.009451796,0.007220217,0.005976096,0.012681159,0.011764706
Total Number of Households,ORG_HOUSEHOLDS4,0.025477218,0.012038445,0.019026294,0.010408248,0.025687298,0.012990843,0.025977571,0.014151685,0.00602011,0.028557274,0.007237479,0.009106311
"Householder, Aged Under 25 Years",ORG_HHL24YR,-0.021604938,-0.040596843,-0.039436678,0.005100621,0.003519791,-0.013087749,-0.000314238,0.002771469,-0.005243906,0.019884445,-0.016173752,0.016853933
"Householder, Aged 25 to 34 Years",ORG_HH25_34YR,0.017653303,0.000726654,0.017330229,0.000356125,0.025021483,-0.002314022,0.026164888,0.000724629,0.027074844,0.0302945,-0.019776745,-0.018755582
"Householder, Aged 35 to 44 Years",ORG_HH35_44YR,0.023495673,-0.022661864,0.009100697,-0.02556934,0.006809779,-0.01156762,-0.006671889,-0.012786544,-0.020468006,0.006558982,-0.041650092,-0.015428571
"Householder, Aged 45 to 54 Years",ORG_HH45_54YR,-0.000781277,-0.002432411,-0.006329655,-0.018929077,0.007949634,-0.012841608,0.000777888,-0.005240739,-0.038423032,0.004661391,-0.029143547,-0.014277389
"Householder, Aged 55 to 64 Years",ORG_HH55_64YR,0.05120894,0.04390981,0.042001388,0.038146953,0.040490802,0.041659453,0.05287362,0.037190312,0.027447617,0.053993465,0.045006861,0.06208373
"Householder, Aged 65 to 74 Years",ORG_HH65_74YR,0.052608445,0.047125077,0.061093248,0.062904198,0.055860134,0.056247683,0.070606305,0.05123574,0.043726298,0.053006015,0.059297094,0.03442029
"Householder, Aged 75 to 84 Years",ORG_HH75_84YR,0.020077944,0.007469635,0.01205471,0.005050312,0.016252398,0.020155216,0.004623375,0.007305073,-0.033507717,0.030374893,0.003583882,-0.024478694
"Householder, Aged 85 Years and Over",ORG_HH85PYR,0.051602815,0.066654596,0.026109528,-0.005474316,0.032148627,0.034109655,0.048842976,0.049665662,0.034683053,0.062325951,0.057703357,0.034671533
"% Householder, Aged Under 25 Years",PCT_ORG_HHL24YR,-0.047085202,-0.051369863,-0.056650246,-0.00621118,-0.02247191,-0.025477707,-0.024024024,-0.011494253,-0.012820513,-0.008298755,-0.021367521,0.007067138
"% Householder, Aged 25 to 34 Years",PCT_ORG_HH25_34YR,-0.007562536,-0.011470985,-0.001708428,-0.009701493,-0.000748503,-0.01521877,0,-0.013427562,0.020964361,0.001796407,-0.026809651,-0.027559055
"% Householder, Aged 35 to 44 Years",PCT_ORG_HH35_44YR,-0.001572327,-0.03434903,-0.009782609,-0.035807292,-0.018181818,-0.024184477,-0.031775701,-0.026300409,-0.026277372,-0.021656741,-0.047958522,-0.024284943
"% Householder, Aged 45 to 54 Years",PCT_ORG_HH45_54YR,-0.026030369,-0.014091123,-0.024973433,-0.029081633,-0.017039404,-0.025458248,-0.024826216,-0.019117647,-0.044392523,-0.023388773,-0.035870092,-0.023115025
"% Householder, Aged 55 to 64 Years",PCT_ORG_HH55_64YR,0.02523172,0.031403337,0.022454308,0.027522936,0.014698429,0.028237585,0.026128266,0.022893327,0.02140255,0.025223332,0.037568594,0.052560647
"% Householder, Aged 65 to 74 Years",PCT_ORG_HH65_74YR,0.026609442,0.034257749,0.041288192,0.051851852,0.0296343,0.043209877,0.043446244,0.036363636,0.037328094,0.023648649,0.051851852,0.024807528
"% Householder, Aged 75 to 84 Years",PCT_ORG_HH75_84YR,-0.006163328,-0.004615385,-0.00608828,-0.005134788,-0.008781559,0.007173601,-0.020864382,-0.006756757,-0.039192399,0.0013947,-0.004021448,-0.032534247
"% Householder, Aged 85 Years and Over",PCT_ORG_HH85PYR,0.027522936,0.055702918,0.006006006,-0.01758794,0.007177033,0.018691589,0.023560209,0.037037037,0.028089888,0.032967033,0.05,0.024137931
"Households, Median Size",ORG_MEDHHSIZE,0,0,0,0,0,0,0,0,0,0,0,0
Total Number of Households,ORG_HOUSEHOLDS5,0.025477218,0.012038445,0.019026294,0.010408248,0.025687298,0.012990843,0.025977571,0.014151685,0.00602011,0.028557274,0.007237479,0.009106311
"Households, 1 Person",ORG_HH1,0.022009384,0.005669113,0.003058888,0.034895359,0.024285539,0.017810745,0.016746095,0.011266702,0.012315647,0.052665096,0.019577755,-0.010078878
"Households, 2 Person",ORG_HH2,0.024795964,0.018969736,0.021901601,0.01305379,0.023627946,0.023745309,0.03235067,0.017162601,0.006019417,0.042879533,0.002851723,0.021208908
"Households, 3 Person",ORG_HH3,0.037887295,0.023777749,0.029751969,-0.009023177,0.021720655,0.007210082,0.031303863,0.014410479,0.003380805,0.014344133,0.011923386,0.011816839
"Households, 4 Person",ORG_HH4,0.012290914,0.011188248,0.016913806,-0.021240815,0.017874862,0.000375227,0.020184174,0.008786036,-0.012432245,0.006529036,0.001471954,0.017158177
"Households, 5 Person",ORG_HH5,0.041124904,-0.001422655,0.028077138,-0.030614729,0.040553326,-0.010654892,0.011900294,0.005672157,-0.000869095,-0.020652843,-0.014087118,-0.005988024
"Households, 6 Person",ORG_HH6,0.031596518,0.007959177,0.021847769,0.011353012,0.070921753,0.001166507,0.056440435,0.02130271,0.020329388,-0.006094828,0.014697975,0.023419204
"Households, 7 or More Person",ORG_HH7P,-0.00178617,-0.013440114,0.029621488,-0.013878563,0.07858204,0.006548242,0.059360547,0.048083974,0.045053734,0.08008728,0.009209572,0.094717668
"% Households, 1 Person",PCT_ORG_HH1,-0.003526448,-0.006507592,-0.015597148,0.024100061,-0.001336898,0.004646176,-0.009144111,-0.002910149,0.006313891,0.023778071,0.012138189,-0.019034483
"% Households, 2 Person",PCT_ORG_HH2,-0.000748783,0.006785714,0.00283197,0.002485244,-0.001968504,0.010655473,0.006116208,0.003106662,0,0.013703704,-0.004521739,0.011682243
"% Households, 3 Person",PCT_ORG_HH3,0.012075906,0.011594203,0.01037464,-0.019116678,-0.004118051,-0.005791506,0.005316007,0,-0.002645503,-0.013341067,0.004683841,0.0027894
"% Households, 4 Person",PCT_ORG_HH4,-0.012846518,-0.000662252,-0.00209351,-0.031222897,-0.00729927,-0.01266766,-0.005839416,-0.004975124,-0.01839303,-0.021614749,-0.005642633,0.00810537
"% Households, 5 Person",PCT_ORG_HH5,0.015625,-0.012330456,0.009067358,-0.040816327,0.015296367,-0.022488756,-0.013986014,-0.007342144,-0.007075472,-0.047673099,-0.020539153,-0.015837104
"% Households, 6 Person",PCT_ORG_HH6,0.005586592,-0.002415459,0.002967359,0,0.048245614,-0.013333333,0.025974026,0.006622517,0.012903226,-0.032258065,0.007444169,0.013274336
"% Households, 7 or More Person",PCT_ORG_HH7P,-0.027888446,-0.025287356,0.01,-0.025,0.054794521,-0.008264463,0.038461538,0.034129693,0.041666667,0.051454139,0.002008032,0.082474227
"Housing, Units",ORG_HOUSEUNITS,0.021932322,0.011363595,0.016684017,0.014175968,0.023774598,0.011709688,0.024101625,0.014953307,0.006369467,0.029790225,0.007470775,0.008499006
"Housing, Occupied Units",ORG_OCCUNIT,0.025477218,0.012038445,0.019026294,0.010408248,0.025687298,0.012990843,0.025977571,0.014151685,0.00602011,0.028557274,0.007237479,0.009106311
"Housing, Vacant Units",ORG_VACUNIT,-0.026211693,-3.84633E-05,-0.023150681,0.050382598,0.011519452,-0.002695918,-0.005908333,0.023406987,0.009745387,0.048809059,0.011616713,-0.000811688
"Housing, Vacant Units For Rent",ORG_VACUNITRNT,0.00245073,-0.025507608,-0.04932455,0.022318708,-0.044882568,-0.024725475,-0.028823912,0.000227132,-0.010221407,0.053266678,0.010168085,-0.018726592
"Housing, Vacant Units Rented, Not Occupied",ORG_VACUNITRNO,-0.052941176,0.054184475,-0.030618494,0.261111111,0.044097996,0.090102708,0.11330875,0.042747565,0.141114983,0.018867925,0,0
"Housing, Vacant Units For Sale",ORG_VACUNITSAL,-0.107101281,-0.036581679,-0.094290142,0.019502354,-0.054663695,-0.05267219,-0.040369009,0.001627919,-0.022617496,0.037165354,0.003203845,-0.007575758
"Housing, Vacant Units Sold, Not Occupied",ORG_VACUNITSNO,-0.01192053,0.153019401,0.173913043,0.224270353,-0.012768976,0.032988676,0.037060302,0.095231028,0.07718643,0.119379845,0.028846154,0.242424242
"Housing, Vacant Units Seasonal",ORG_VACUNITSEA,-0.037641154,0.03316391,-0.003208868,0.089193252,0.034506303,0.069891467,0.024416962,0.038375194,0.062155204,0.019815994,0.025703201,0.018691589
"Housing, Vacant Units For Migrant Workers",ORG_VACUNITMIG,-0.037634409,0.362204724,0.257575758,0,0.013636364,0.101694915,-0.042553191,0.130434783,0.178571429,0.305555556,0,#DIV/0!
"Housing, Vacant Units Vacant Other",ORG_VACUNITOTH,-0.031104489,0.016304248,-0.001914752,0.039203016,0.052958074,0.011921288,-0.015625,0.031123009,0.002327758,0.050626959,0,0.039370079
"% Housing, Occupied Units",PCT_ORG_OCCUNIT,0.003435688,0.000741447,0.002223399,-0.003643591,0.001849711,0.001306762,0.001806205,-0.000766367,-0.000331053,-0.001171334,-0.00021126,0.000532595
"% Housing, Vacant Units",PCT_ORG_VACUNIT,-0.04664723,-0.012522361,-0.037837838,0.034994698,-0.011851852,-0.014687882,-0.028911565,0.008083141,0.003198294,0.018062397,0.003752345,-0.008169935
"% Housing, Vacant Units For Rent",PCT_ORG_VACUNITRNT,-0.020547945,-0.038167939,-0.067708333,0.005633803,-0.066445183,-0.034965035,-0.052631579,-0.016064257,-0.015037594,0.020304569,0,-0.027638191
"% Housing, Vacant Units Rented, Not Occupied",PCT_ORG_VACUNITRNO,-0.1,0,-0.076923077,0.263157895,0,0.058823529,0.066666667,0,0.142857143,0,0,0
"% Housing, Vacant Units For Sale",PCT_ORG_VACUNITSAL,-0.12987013,-0.046875,-0.104477612,0,-0.076923077,-0.069767442,-0.056338028,-0.010526316,-0.033898305,0.009259259,0,-0.015151515
"% Housing, Vacant Units Sold, Not Occupied",PCT_ORG_VACUNITSNO,-0.043478261,0.125,0.181818182,0.2,-0.037037037,0,0,0.076923077,0.068965517,0.090909091,0.047619048,0.25
"% Housing, Vacant Units Seasonal",PCT_ORG_VACUNITSEA,-0.058823529,0.012987013,-0.018292683,0.074074074,0.012145749,0.05952381,0,0.026217228,0.06122449,0,0.021276596,0.018867925
"% Housing, Vacant Units For Migrant Workers",PCT_ORG_VACUNITMIG,-0.166666667,#DIV/0!,0,#DIV/0!,0,#DIV/0!,#DIV/0!,#DIV/0!,0,1,0,#DIV/0!
"% Housing, Vacant Units Vacant Other",PCT_ORG_VACUNITOTH,-0.05,0,-0.020833333,0.023904382,0.029891304,0,-0.042372881,0.014018692,-0.002659574,0.01843318,-0.009174312,0.031746032
"Housing, Units",ORG_HOUSEUNITS1,0.021932322,0.011363595,0.016684017,0.014175968,0.023774598,0.011709688,0.024101625,0.014953307,0.006369467,0.029790225,0.007470775,0.008499006
"Housing, Owner Occupied",ORG_OOCCHH,0.016171686,0.003062642,0.010359075,0.00096745,0.011678678,0.002179795,0.020556553,0.00852165,0.002119876,0.020751839,-0.001918942,-0.007111686
"Housing, Renter Occupied",ORG_ROCCHH,0.03577352,0.020431718,0.028501913,0.025007024,0.049736112,0.031332638,0.034146771,0.019763829,0.014461904,0.040725489,0.022487486,0.017006535
"% Housing, Owner Occupied",PCT_ORG_OOCCHH,-0.005519215,-0.008110478,-0.006284208,-0.012909091,-0.011891694,-0.009518865,-0.003358671,-0.006359649,-0.004194902,-0.008739731,-0.009298394,-0.015609756
"% Housing, Renter Occupied",PCT_ORG_ROCCHH,0.013568521,0.009018241,0.011524823,0.01068316,0.025439698,0.019377569,0.009856153,0.004809794,0.008030726,0.010626703,0.014921171,0.008395375
"Housing, Units",ORG_HOUSEUNITS2,0.021932322,0.011363595,0.016684017,0.014175968,0.023774598,0.011709688,0.024101625,0.014953307,0.006369467,0.029790225,0.007470775,0.008499006
"Housing, Occupied Structure with 1 Unit Detached",ORG_S_1D,0.022289116,0.009776439,0.016927656,0.009439319,0.024393897,0.013083071,0.022019114,0.009084072,0.004948681,0.026157749,0.00373975,0.003985198
"Housing, Occupied Structure with 1 Unit Attached",ORG_S_1A,0.080868229,0.008862742,0.038928498,-0.0145481,0.029232755,0.008899231,0.04805361,0.01677401,0.018867235,-0.009659169,0.013413343,0.013468013
"Housing, Occupied Structure with 2 Units",ORG_S_2,0.023391813,0.032233272,-0.028493177,0.006458558,0.035480218,0.004973786,0.014792809,0.013753566,0.008308303,0.034272472,0.071156773,0.006796556
"Housing, Occupied Structure with 3-4 Units",ORG_S_3_4,0.05117305,0.010941909,0.004369346,0.008737229,0.032807682,0.002922539,0.023637472,0.009811033,-0.011065679,0.071912379,0.011427142,0.049215407
"Housing, Occupied Structure with 5-9 Units",ORG_S_5_9,0.006369727,0.011794091,0.027720705,0.033523607,0.044984741,0.027549598,0.018764066,0.014196213,-0.012557715,0.039759129,0.014226852,0.037477148
"Housing, Occupied Structure with 10-19 Units",ORG_S_10_19,0.075961132,0.004395231,0.006355905,0.01529116,0.004892815,0.001543312,0.028983632,0.016645927,-0.003736811,0.069172598,0.026296365,-0.00505689
"Housing, Occupied Structure with 50+ Units",ORG_S_50P,-0.012460097,0.030908153,0.037763932,0.012447444,0.059584466,0.022863937,0.045436781,0.021311578,0.033322975,-0.011083744,0.002894789,0.015899033
"Housing, Occupied Structure Trailer",ORG_STRAILER,-0.002267574,0.008290721,0.004148568,0.067513612,0.016490452,0.006829757,0.018371444,0.02031154,-0.015929644,0.021210618,-0.000758869,0.083333333
"Housing, Occupied Structure Other",ORG_SOTHER,0.048780488,0.012670257,0.054367201,0,0.077689928,0.026262626,0.061919505,0.066195524,0.067039106,0.029787234,-0.009259259,0
"% Housing, Occupied Structure with 1 Unit Detached",PCT_ORG_S_1D,0.000482393,-0.001479915,0.000204415,-0.004648343,0.000607287,0.001427697,-0.001998668,-0.005780347,-0.001303993,-0.003624901,-0.003651452,-0.004581901
"% Housing, Occupied Structure with 1 Unit Attached",PCT_ORG_S_1A,0.058064516,-0.001367989,0.021528525,-0.029147982,0.004056795,-0.002923977,0.0221843,0.001633987,0.012145749,-0.036585366,0.005628518,0
"% Housing, Occupied Structure with 2 Units",PCT_ORG_S_2,0,0.021551724,-0.042168675,-0.007246377,0.010582011,-0.006980803,-0.009297521,-0.000994036,0.002680965,0.007194245,0.061111111,-0.001823154
"% Housing, Occupied Structure with 3-4 Units",PCT_ORG_S_3_4,0.02960969,0,-0.011337868,-0.005268704,0.009009009,-0.007473842,-0.001013171,-0.005665722,-0.018987342,0.042462845,0.004878049,0.040172166
"% Housing, Occupied Structure with 5-9 Units",PCT_ORG_S_5_9,-0.015822785,0,0.010989011,0.019713262,0.019955654,0.015602837,-0.005494505,0,-0.019543974,0.009090909,0.006818182,0.027573529
"% Housing, Occupied Structure with 10-19 Units",PCT_ORG_S_10_19,0.050991501,-0.00608828,-0.011326861,0,-0.018108652,-0.01010101,0.004376368,0.002114165,-0.012145749,0.03930131,0.016172507,-0.012722646
"% Housing, Occupied Structure with 50+ Units",PCT_ORG_S_50P,-0.031141869,0.019375673,0.020286396,-0.00204918,0.034552846,0.011780105,0.020491803,0.006626506,0.026455026,-0.038860104,-0.005830904,0.007585752
